"","Y","X","SNP1","SNP2","SNP3","SNP4","SNP5","SNP6","SNP7","SNP8","SNP9","SNP10"
"1",0,68,1,1,1,2,1,2,1,1,0,2
"2",0,64,0,1,1,2,1,1,0,2,0,0
"3",0,69,0,0,1,0,0,2,1,0,1,1
"4",0,56,0,1,0,1,1,1,1,2,2,0
"5",0,59,1,1,2,1,0,1,1,1,2,2
"6",0,59,1,0,2,2,0,2,0,1,1,1
"7",0,59,2,1,1,1,1,0,2,0,1,1
"8",0,62,2,1,0,1,1,1,0,1,1,1
"9",0,63,1,1,1,1,0,2,1,1,1,1
"10",0,63,1,1,1,1,0,0,2,1,2,1
"11",0,63,0,0,1,2,0,0,1,1,1,2
"12",0,63,1,0,1,0,2,2,2,1,0,1
"13",0,58,2,0,2,2,2,1,2,1,1,1
"14",0,63,2,1,1,0,1,1,1,1,1,1
"15",0,58,1,2,1,1,2,1,2,1,1,2
"16",0,64,1,1,0,1,2,0,1,1,1,1
"17",0,57,2,0,2,1,1,1,0,0,0,1
"18",0,63,1,0,2,1,0,0,1,2,0,2
"19",0,59,0,2,1,1,2,1,1,0,0,2
"20",0,59,0,2,1,0,1,1,1,1,1,0
"21",0,63,1,1,2,1,1,1,1,1,2,1
"22",0,59,2,0,0,1,1,1,1,2,1,0
"23",0,58,2,0,1,1,1,2,1,1,2,0
"24",0,61,1,2,2,1,2,1,1,1,0,2
"25",0,60,1,1,1,0,1,1,2,1,1,2
"26",0,57,1,1,1,0,0,1,2,1,2,2
"27",0,68,1,1,1,1,1,2,0,2,2,2
"28",0,59,0,0,1,1,1,2,1,2,0,2
"29",0,62,1,1,1,1,1,1,1,1,1,0
"30",0,57,2,1,1,1,0,2,2,2,1,1
"31",0,59,1,2,0,0,0,1,1,1,1,1
"32",0,57,1,1,2,2,1,1,1,1,1,2
"33",0,58,1,1,0,2,2,0,0,1,1,0
"34",0,66,2,2,2,1,1,2,0,1,1,1
"35",0,59,2,1,1,1,2,1,1,1,1,1
"36",0,57,2,2,1,2,2,2,1,2,2,1
"37",0,59,0,1,1,0,1,1,0,0,0,1
"38",0,58,2,0,2,2,0,2,1,2,1,2
"39",0,52,2,1,2,0,2,1,1,0,1,1
"40",0,59,1,1,1,1,2,1,0,2,1,1
"41",0,59,1,1,1,2,2,0,1,2,1,1
"42",0,60,2,0,0,0,0,1,0,0,1,1
"43",0,64,1,1,1,1,2,1,0,2,1,1
"44",0,56,0,1,1,1,1,1,1,0,1,1
"45",0,64,1,0,1,1,1,1,2,1,0,1
"46",0,58,1,2,1,1,1,2,1,1,1,0
"47",0,60,2,0,1,1,0,0,1,0,1,1
"48",0,59,0,2,0,1,2,2,0,2,2,1
"49",0,58,1,1,1,2,2,1,1,0,1,0
"50",0,59,1,2,1,1,0,1,1,0,0,0
"51",0,59,0,2,2,1,2,0,1,2,1,1
"52",0,62,0,2,1,2,0,1,1,1,2,0
"53",0,59,1,1,1,1,1,1,0,1,0,0
"54",0,57,0,1,1,2,1,2,1,1,0,2
"55",0,59,1,0,1,2,0,0,0,1,1,0
"56",0,61,1,2,1,0,1,2,1,2,1,1
"57",0,60,1,2,1,1,1,1,2,1,1,0
"58",0,63,2,1,1,1,2,1,0,2,1,0
"59",0,60,0,2,2,2,1,1,2,1,1,1
"60",0,66,2,2,1,2,1,0,1,2,1,1
"61",0,60,2,0,0,2,2,1,1,2,0,2
"62",0,58,1,0,0,1,2,2,2,1,1,2
"63",0,62,1,1,1,0,2,0,1,0,0,1
"64",0,57,2,1,0,1,1,0,0,1,1,2
"65",0,61,1,1,1,1,1,1,2,0,0,1
"66",0,56,2,1,0,2,1,1,0,1,0,1
"67",0,66,2,1,1,2,2,0,2,0,0,2
"68",0,54,2,2,1,1,2,1,1,1,0,2
"69",0,63,0,0,1,1,2,2,0,1,2,1
"70",0,59,1,1,1,0,2,1,0,1,0,0
"71",0,61,1,2,0,0,1,2,0,1,1,1
"72",0,64,0,1,1,1,1,0,1,2,1,1
"73",0,59,1,0,0,1,2,1,1,0,1,0
"74",0,59,2,1,2,0,1,0,1,2,1,1
"75",0,57,2,2,2,2,2,1,1,2,1,2
"76",0,63,0,1,2,1,1,2,2,1,2,1
"77",0,59,1,1,2,1,1,2,1,1,2,1
"78",0,66,0,1,2,1,2,1,1,1,2,1
"79",0,68,1,1,2,1,1,1,1,1,1,1
"80",0,60,1,2,1,1,0,1,0,1,1,1
"81",0,62,0,2,0,1,1,1,1,1,1,2
"82",0,59,1,1,0,1,1,1,2,1,1,0
"83",0,57,2,2,1,1,2,2,2,1,2,1
"84",0,65,1,1,2,1,1,0,1,1,1,2
"85",0,59,0,0,0,1,1,1,1,2,1,1
"86",0,56,1,1,1,0,2,1,2,1,2,1
"87",0,63,2,1,1,1,0,1,1,0,2,2
"88",0,61,0,1,1,0,1,0,1,0,0,2
"89",0,62,1,0,1,2,0,1,1,1,1,0
"90",0,59,0,1,0,2,1,1,1,2,2,1
"91",0,64,0,2,2,0,1,1,1,0,0,2
"92",0,60,1,1,2,0,2,2,1,0,1,1
"93",0,65,2,1,1,0,0,1,1,1,1,2
"94",0,59,1,0,1,1,1,1,1,1,0,2
"95",0,63,1,2,1,2,1,2,0,1,2,0
"96",0,61,1,2,0,1,1,0,2,0,1,2
"97",0,58,0,1,2,1,1,0,1,2,1,2
"98",0,62,1,1,2,1,2,2,1,1,1,1
"99",0,64,2,2,1,2,0,0,0,0,2,2
"100",0,55,1,2,1,1,1,1,1,2,1,1
"101",0,58,1,0,1,0,2,0,1,1,1,1
"102",0,57,1,1,2,1,1,0,1,1,2,1
"103",0,63,1,2,1,1,1,1,1,0,0,1
"104",0,61,1,1,2,1,0,0,1,1,0,1
"105",0,57,2,0,1,1,1,2,1,0,2,1
"106",0,59,1,0,0,1,2,1,1,0,2,1
"107",0,63,2,1,1,1,2,2,1,1,0,0
"108",0,60,1,0,1,0,1,0,1,1,0,2
"109",0,56,0,2,2,2,1,1,2,2,1,0
"110",0,60,1,1,2,1,0,1,1,2,1,0
"111",0,62,1,2,2,0,0,1,1,2,1,1
"112",0,64,2,0,2,1,1,1,2,1,2,2
"113",0,60,1,1,0,1,2,1,1,0,1,0
"114",0,61,2,1,2,1,2,2,1,0,1,1
"115",0,62,1,0,1,2,1,2,1,1,0,0
"116",0,62,1,0,1,2,1,2,1,2,0,2
"117",0,62,1,1,1,1,1,0,1,1,1,1
"118",0,61,0,1,1,2,1,1,0,1,1,0
"119",0,59,1,2,1,0,0,1,2,2,2,1
"120",0,61,1,2,1,1,0,2,2,2,2,0
"121",0,59,2,2,0,2,2,1,1,0,0,0
"122",0,65,1,0,2,0,2,1,1,1,2,1
"123",0,56,0,0,0,1,1,0,0,2,1,0
"124",0,61,1,2,0,1,1,1,2,0,2,1
"125",0,64,1,1,2,1,2,1,1,1,2,0
"126",0,58,1,0,0,2,1,0,2,2,1,2
"127",0,59,1,1,0,0,1,2,2,1,2,1
"128",0,58,0,1,1,1,1,0,0,0,2,0
"129",0,67,1,1,1,1,1,1,2,1,2,2
"130",0,58,1,2,2,1,0,2,0,0,1,1
"131",0,61,1,1,2,1,1,2,0,0,2,2
"132",0,61,2,1,0,2,1,1,0,1,1,1
"133",0,63,1,1,1,1,1,2,0,0,1,1
"134",0,56,0,1,1,0,2,0,1,0,0,1
"135",0,59,1,1,1,1,1,1,2,0,2,0
"136",0,60,1,1,2,2,2,1,1,1,0,2
"137",0,63,0,2,2,2,1,0,0,0,1,0
"138",0,58,1,0,0,2,1,1,1,2,1,1
"139",0,58,1,2,2,0,1,1,1,1,1,1
"140",0,58,1,1,0,1,1,0,0,2,0,2
"141",0,57,1,1,1,1,2,2,1,1,1,1
"142",0,59,1,2,1,2,1,1,0,0,1,1
"143",0,53,2,1,0,2,1,2,2,1,1,1
"144",0,56,1,1,0,1,1,1,0,0,1,1
"145",0,60,0,0,0,2,2,1,0,2,1,2
"146",0,65,2,1,1,1,2,1,2,1,1,1
"147",0,64,1,1,1,1,1,1,1,0,0,0
"148",0,59,2,0,0,0,1,1,1,0,1,1
"149",0,60,0,1,0,0,1,1,2,1,0,1
"150",0,64,1,2,1,1,0,1,1,0,1,1
"151",0,62,0,2,1,0,1,1,1,1,2,1
"152",0,53,1,2,1,1,1,2,0,0,2,1
"153",0,60,0,0,1,1,2,0,1,0,1,1
"154",0,57,1,1,0,1,2,1,2,1,0,2
"155",0,60,1,2,1,1,1,0,1,1,1,0
"156",0,62,2,1,1,2,2,1,1,1,1,1
"157",0,59,1,1,0,2,1,0,2,2,1,0
"158",0,65,1,0,1,1,1,1,1,1,1,0
"159",0,61,2,1,1,2,1,1,1,1,1,1
"160",0,62,1,1,1,1,1,0,2,1,2,2
"161",0,55,1,1,0,2,0,1,1,1,1,1
"162",0,60,1,2,2,0,1,1,1,0,0,0
"163",0,61,0,0,1,0,1,1,0,1,1,1
"164",0,57,2,1,1,1,1,2,1,2,1,1
"165",0,61,0,1,2,2,2,2,0,0,1,1
"166",0,67,1,2,2,0,2,1,1,2,2,1
"167",0,65,2,2,1,1,1,2,1,2,2,1
"168",0,62,2,1,0,0,1,1,0,0,0,2
"169",0,65,0,2,1,2,2,2,2,2,0,0
"170",0,61,1,2,0,2,1,2,1,1,0,1
"171",0,64,1,1,1,0,2,2,2,0,0,0
"172",0,62,1,2,1,2,1,1,2,1,2,2
"173",0,60,1,1,0,1,0,2,2,1,1,0
"174",0,60,2,0,0,1,0,0,0,2,2,0
"175",0,57,2,0,1,1,0,1,0,2,0,1
"176",0,59,1,2,2,0,1,1,1,0,1,1
"177",0,59,1,1,0,2,1,2,1,1,2,2
"178",0,60,2,1,0,2,1,1,1,0,1,2
"179",0,56,1,1,1,1,2,1,1,1,0,1
"180",0,62,2,1,0,0,2,1,2,0,2,1
"181",0,63,1,1,2,1,1,2,1,2,0,1
"182",0,58,1,1,1,1,1,1,2,0,1,2
"183",0,59,0,1,1,0,1,1,1,2,1,0
"184",0,65,0,1,0,0,0,0,2,1,1,1
"185",0,62,2,2,1,1,0,0,0,0,2,1
"186",0,62,1,2,2,1,2,2,1,0,2,0
"187",0,62,1,1,1,2,1,2,2,1,2,2
"188",0,64,0,2,1,1,1,1,1,1,1,1
"189",0,58,2,1,0,2,2,1,1,1,2,1
"190",0,54,2,0,1,2,0,2,1,1,0,1
"191",0,58,1,2,1,0,0,1,1,0,0,2
"192",0,59,1,1,1,1,0,0,1,0,1,0
"193",0,61,0,1,2,1,1,2,1,0,2,1
"194",0,60,1,0,2,1,0,1,2,1,0,0
"195",0,60,1,1,1,2,2,1,0,0,1,2
"196",0,62,0,2,2,1,0,2,1,1,0,2
"197",0,57,1,1,1,2,1,1,1,2,1,0
"198",0,64,2,2,1,0,1,2,2,2,1,2
"199",0,60,2,1,2,0,1,2,1,1,1,0
"200",0,60,0,2,2,1,1,2,1,2,1,0
"201",1,59,1,0,1,1,1,1,1,0,0,1
"202",1,63,2,1,0,0,2,2,0,0,1,1
"203",1,59,0,1,1,2,1,2,1,1,1,0
"204",1,62,1,0,2,1,2,2,0,1,1,1
"205",1,59,1,2,1,0,1,0,1,1,2,0
"206",1,66,2,1,0,2,2,0,1,0,1,1
"207",1,61,1,2,0,1,1,2,1,1,1,1
"208",1,61,2,1,1,0,1,1,1,2,1,2
"209",1,63,2,1,2,2,1,2,1,1,1,1
"210",1,61,0,1,1,0,2,0,2,2,1,1
"211",1,63,0,1,1,0,1,1,1,2,0,0
"212",1,65,1,2,0,0,1,1,0,1,1,1
"213",1,60,2,1,1,0,1,1,0,1,2,2
"214",1,53,0,1,1,1,0,1,1,1,2,0
"215",1,63,2,1,1,1,1,1,0,0,1,0
"216",1,65,1,0,1,2,1,1,1,1,1,2
"217",1,64,1,2,2,0,1,1,2,0,0,1
"218",1,68,0,1,1,0,1,1,1,0,1,0
"219",1,67,1,2,1,1,1,2,2,2,1,0
"220",1,59,1,2,0,0,0,0,1,1,1,2
"221",1,61,1,0,2,0,2,2,1,1,0,0
"222",1,63,1,2,1,0,0,1,2,1,1,0
"223",1,66,2,1,0,1,0,2,2,1,1,0
"224",1,64,1,0,1,1,1,0,1,1,1,1
"225",1,67,1,0,0,2,2,2,2,0,1,1
"226",1,59,0,1,0,1,2,1,1,2,1,1
"227",1,58,0,1,1,1,1,2,2,2,1,1
"228",1,62,2,1,1,0,1,1,2,2,2,2
"229",1,63,2,1,0,2,1,1,0,1,0,1
"230",1,56,1,0,1,0,1,1,1,1,2,2
"231",1,57,2,1,2,2,1,2,1,0,1,1
"232",1,73,2,1,1,2,2,1,0,0,2,2
"233",1,66,1,2,2,2,1,1,2,1,0,2
"234",1,59,1,0,2,2,1,0,2,2,2,1
"235",1,67,0,1,1,2,1,2,1,1,1,1
"236",1,56,0,1,0,1,1,1,1,2,2,0
"237",1,59,1,2,0,2,0,0,0,1,1,1
"238",1,62,0,1,1,1,2,1,0,1,0,0
"239",1,60,1,2,1,0,0,0,2,1,1,0
"240",1,59,0,1,1,1,1,1,1,0,1,1
"241",1,62,0,1,2,0,1,1,2,0,1,1
"242",1,61,2,1,0,1,1,1,1,1,1,2
"243",1,64,0,1,1,1,2,0,1,1,1,2
"244",1,57,1,0,1,1,2,1,2,1,1,0
"245",1,66,1,0,0,1,1,1,1,1,0,1
"246",1,62,1,0,0,2,2,1,1,1,1,2
"247",1,68,2,1,1,0,2,0,0,2,0,1
"248",1,64,2,1,1,2,0,2,0,1,1,1
"249",1,60,2,1,2,0,1,2,0,1,2,1
"250",1,64,1,2,1,1,1,2,1,1,0,0
"251",1,57,0,1,1,0,2,1,1,1,1,1
"252",1,62,1,0,1,1,1,0,0,0,0,0
"253",1,61,1,0,1,1,0,2,0,1,0,1
"254",1,60,0,1,0,1,1,2,0,1,1,1
"255",1,61,0,1,2,2,1,1,1,0,1,1
"256",1,55,1,0,2,1,1,2,1,1,1,1
"257",1,62,2,1,0,1,1,1,1,1,1,1
"258",1,62,2,1,2,0,0,1,2,1,1,2
"259",1,58,1,2,1,1,1,1,0,0,1,1
"260",1,58,1,2,1,2,1,0,0,2,1,1
"261",1,66,0,1,2,1,1,1,0,1,1,1
"262",1,60,1,2,1,1,1,1,1,1,2,1
"263",1,59,0,1,0,2,0,1,1,2,2,0
"264",1,60,1,2,1,1,0,1,0,1,1,0
"265",1,61,1,2,1,1,1,1,1,2,1,1
"266",1,61,2,1,0,1,0,0,1,1,2,2
"267",1,64,2,1,1,2,1,0,2,1,2,0
"268",1,63,2,1,1,1,0,1,1,1,1,2
"269",1,62,1,0,2,1,1,1,1,0,2,1
"270",1,65,0,1,1,2,1,1,1,2,2,1
"271",1,62,0,1,2,0,1,1,1,1,1,2
"272",1,62,2,1,2,2,2,0,2,2,1,1
"273",1,68,1,2,1,2,2,2,0,2,1,0
"274",1,65,1,0,1,2,0,0,1,1,0,1
"275",1,60,0,1,2,1,1,0,0,2,2,2
"276",1,59,0,1,1,1,0,1,1,2,1,1
"277",1,62,2,1,0,1,0,1,1,1,1,2
"278",1,60,1,0,0,2,2,2,0,2,1,2
"279",1,60,1,0,1,1,0,1,2,1,1,2
"280",1,59,1,0,0,2,2,0,1,1,1,2
"281",1,62,1,2,2,0,1,2,1,1,1,1
"282",1,57,1,2,1,1,2,1,1,1,1,1
"283",1,56,2,1,2,2,0,1,1,1,0,1
"284",1,59,1,0,0,1,1,2,1,1,1,1
"285",1,55,2,1,1,2,1,1,2,1,1,1
"286",1,65,1,0,1,2,1,2,2,1,0,1
"287",1,61,1,0,1,0,1,0,1,1,0,0
"288",1,65,0,1,2,1,2,1,1,1,0,0
"289",1,55,0,1,0,1,0,0,0,1,1,0
"290",1,67,2,1,0,1,1,2,2,1,0,2
"291",1,64,1,0,2,1,0,2,1,0,1,1
"292",1,57,2,1,1,1,1,0,1,2,2,1
"293",1,64,1,2,1,1,2,1,1,2,0,1
"294",1,61,0,1,1,0,0,0,1,1,1,2
"295",1,67,1,2,2,2,2,1,1,1,1,1
"296",1,60,1,2,0,1,2,2,1,1,0,1
"297",1,62,1,2,1,2,1,2,1,1,0,1
"298",1,54,1,0,1,1,2,1,1,2,1,1
"299",1,60,1,0,1,2,1,0,0,1,0,1
"300",1,70,1,0,1,0,0,2,0,2,0,1
"301",1,55,1,0,1,1,2,2,0,1,2,2
"302",1,63,1,0,1,1,1,0,1,2,1,1
"303",1,67,2,1,0,1,1,1,2,1,0,1
"304",1,60,0,1,2,1,1,0,1,1,2,1
"305",1,53,0,1,0,0,1,0,1,2,0,1
"306",1,63,2,1,2,0,1,2,1,1,2,1
"307",1,62,2,1,1,1,1,1,2,0,1,0
"308",1,62,1,0,1,0,2,1,1,1,1,2
"309",1,61,1,2,1,1,1,0,1,2,0,1
"310",1,62,2,1,1,1,2,1,1,1,1,0
"311",1,64,1,0,1,1,1,1,1,0,1,1
"312",1,62,2,1,1,1,1,1,0,0,1,2
"313",1,68,1,0,2,1,1,1,1,1,2,1
"314",1,63,2,1,1,1,1,0,1,1,2,0
"315",1,60,2,1,1,1,1,1,0,1,1,2
"316",1,65,1,2,1,2,0,2,2,0,1,1
"317",1,64,0,1,1,0,2,0,1,0,2,1
"318",1,63,1,2,2,1,1,1,2,2,1,2
"319",1,63,1,2,2,0,0,1,1,1,2,2
"320",1,54,1,2,2,1,2,0,1,2,2,2
"321",1,62,0,1,1,1,1,1,1,1,2,0
"322",1,62,2,1,1,2,1,1,0,2,1,1
"323",1,62,1,2,1,1,0,0,1,1,1,2
"324",1,61,1,2,0,2,1,0,2,1,1,0
"325",1,59,2,1,1,0,1,2,1,2,2,0
"326",1,67,2,1,2,1,1,2,2,1,2,2
"327",1,65,1,2,1,2,1,0,2,0,0,1
"328",1,64,2,1,1,1,1,2,0,1,0,0
"329",1,62,2,1,0,0,0,1,1,1,1,1
"330",1,64,0,1,2,1,1,1,1,1,0,1
"331",1,62,2,1,1,1,1,2,1,1,2,1
"332",1,66,0,1,1,0,2,0,1,1,0,0
"333",1,67,0,1,1,0,1,1,1,0,1,1
"334",1,65,0,1,1,1,0,1,2,2,1,1
"335",1,62,1,0,2,1,2,0,1,1,1,1
"336",1,64,1,0,1,0,2,1,0,0,1,1
"337",1,62,1,0,1,1,2,1,0,0,0,2
"338",1,56,2,1,0,2,2,1,2,1,1,0
"339",1,58,0,1,2,1,1,1,1,2,2,0
"340",1,62,2,1,1,1,2,1,1,1,1,1
"341",1,58,2,1,2,2,1,2,2,2,1,0
"342",1,67,2,1,1,1,1,1,2,1,1,0
"343",1,54,1,0,1,1,1,1,0,1,1,1
"344",1,63,1,0,0,1,0,1,0,1,2,1
"345",1,59,0,1,1,1,1,2,2,0,2,0
"346",1,62,0,1,1,2,2,1,1,1,1,1
"347",1,67,0,1,1,1,1,2,2,1,2,0
"348",1,68,1,0,2,1,1,2,1,0,0,1
"349",1,55,2,1,1,1,1,1,1,1,2,1
"350",1,59,2,1,1,0,1,1,0,2,2,0
"351",1,62,1,2,0,1,1,1,1,2,2,1
"352",1,66,2,1,1,0,1,1,1,2,0,1
"353",1,60,1,2,1,1,2,2,0,1,2,2
"354",1,66,1,0,0,1,1,1,0,0,1,2
"355",1,60,0,1,2,1,1,0,2,2,1,0
"356",1,65,2,1,1,0,1,0,1,2,1,1
"357",1,56,1,2,0,0,1,0,2,2,2,0
"358",1,61,2,1,1,2,2,1,2,0,2,0
"359",1,58,0,1,0,0,1,0,2,1,2,1
"360",1,60,0,1,2,1,1,0,1,1,1,2
"361",1,64,0,1,2,2,2,1,1,2,0,0
"362",1,64,0,1,1,1,2,1,1,1,2,1
"363",1,61,0,1,2,1,2,1,2,1,1,2
"364",1,60,1,0,0,1,1,0,1,1,1,1
"365",1,61,1,2,1,2,2,2,0,1,1,1
"366",1,68,1,0,2,1,0,1,1,1,2,2
"367",1,59,1,0,0,1,2,1,1,2,2,1
"368",1,65,0,1,1,1,2,0,1,1,2,1
"369",1,57,0,1,1,0,1,2,2,0,0,0
"370",1,60,1,2,2,0,1,0,1,2,0,2
"371",1,58,0,1,0,0,2,2,1,1,1,0
"372",1,58,1,2,1,2,1,1,1,0,1,2
"373",1,64,1,0,0,2,1,2,1,2,1,1
"374",1,54,0,1,2,2,0,1,2,2,2,2
"375",1,67,1,0,2,1,2,0,2,0,1,1
"376",1,58,1,0,1,1,1,0,0,1,1,2
"377",1,63,2,1,1,1,0,1,1,2,0,2
"378",1,57,2,1,1,1,0,1,0,2,2,0
"379",1,61,1,2,1,0,1,0,1,1,2,2
"380",1,62,2,1,0,2,0,1,0,0,2,1
"381",1,58,2,1,0,1,1,2,1,1,1,1
"382",1,62,2,1,0,0,2,1,1,2,1,1
"383",1,63,2,1,2,1,1,0,0,1,2,1
"384",1,67,1,0,0,1,1,0,1,0,1,2
"385",1,67,1,0,2,0,1,1,2,1,1,1
"386",1,61,1,2,1,0,2,2,0,0,0,0
"387",1,66,1,2,1,1,0,2,2,0,1,2
"388",1,63,0,1,0,0,0,0,2,0,0,2
"389",1,63,2,1,1,1,0,2,1,1,0,2
"390",1,59,1,2,1,2,1,1,0,1,1,1
"391",1,58,1,0,1,1,0,2,0,1,0,1
"392",1,57,1,2,1,1,0,1,2,1,2,1
"393",1,59,2,1,2,2,1,0,0,1,1,1
"394",1,60,2,1,1,0,0,2,1,1,2,1
"395",1,67,1,0,2,1,2,1,2,2,2,0
"396",1,60,2,1,2,2,1,0,1,2,1,2
"397",1,70,1,2,2,0,1,2,2,2,0,1
"398",1,63,1,0,1,1,1,2,1,1,2,1
"399",1,66,0,1,1,2,0,2,0,1,1,1
"400",1,65,1,0,1,1,1,0,0,1,1,1
